"code","code3","country"
"ad","and","Andorra"
"ae","are","United Arab Emirates"
"af","afg","Afghanistan"
"ag","atg","Antigua and Barbuda"
"ai","aia","Anguilla"
"al","alb","Albania"
"am","arm","Armenia"
"ao","ago","Angola"
"ar","arg","Argentina"
"as","asm","American Samoa"
"at","aut","Austria"
"au","aus","Australia"
"aw","abw","Aruba"
"ax","ala","Åland Islands"
"az","aze","Azerbaijan"
"ba","bih","Bosnia and Herzegovina"
"bb","brb","Barbados"
"bd","bgd","Bangladesh"
"be","bel","Belgium"
"bf","bfa","Burkina Faso"
"bg","bgr","Bulgaria"
"bh","bhr","Bahrain"
"bi","bdi","Burundi"
"bj","ben","Benin"
"bl","blm","St. Barthélemy"
"bm","bmu","Bermuda"
"bn","brn","Brunei Darussalam"
"bo","bol","Bolivia"
"br","bra","Brazil"
"bs","bhs","Bahamas"
"bt","btn","Bhutan"
"bw","bwa","Botswana"
"by","blr","Belarus"
"bz","blz","Belize"
"ca","can","Canada"
"cc","cck","Cocos (Keeling) Islands"
"cd","cod","Congo (Democratic Republic)"
"cf","caf","Central African Republic"
"cg","cog","Congo"
"ch","che","Switzerland"
"ci","civ","Cote d'Ivoire"
"ck","cok","Cook Islands"
"cl","chl","Chile"
"cm","cmr","Cameroon"
"cn","chn","China"
"co","col","Colombia"
"cr","cri","Costa Rica"
"cu","cub","Cuba"
"cv","cpv","Cabo Verde"
"cw","cuw","Curacao"
"cy","cyp","Cyprus"
"cz","cze","Czechia"
"de","deu","Germany"
"dj","dji","Djibouti"
"dk","dnk","Denmark"
"dm","dma","Dominica"
"do","dom","Dominican Republic"
"dz","dza","Algeria"
"ec","ecu","Ecuador"
"ee","est","Estonia"
"eg","egy","Egypt"
"eh","esh","Western Sahara"
"er","eri","Eritrea"
"es","esp","Spain"
"et","eth","Ethiopia"
"eu","eur","European Union"
"fi","fin","Finland"
"fj","fji","Fiji"
"fk","flk","Falkland Islands (Malvinas)"
"fm","fsm","Micronesia (Federated States)"
"fo","fro","Faroe Islands"
"fr","fra","France"
"ga","gab","Gabon"
"gb","gbr","United Kingdom"
"gd","grd","Grenada"
"ge","geo","Georgia"
"gf","guf","French Guiana"
"gg","ggy","Guernsey"
"gh","gha","Ghana"
"gi","gib","Gibraltar"
"gl","grl","Greenland"
"gm","gmb","Gambia, The"
"gn","gin","Guinea"
"gp","glp","Guadeloupe"
"gq","gnq","Equatorial Guinea"
"gr","grc","Greece"
"gs","sgs","South Georgia and South Sandwich Islands"
"gt","gtm","Guatemala"
"gu","gum","Guam"
"gw","gnb","Guinea-Bissau"
"gy","guy","Guyana"
"hk","hkg","Hong Kong"
"hn","hnd","Honduras"
"hr","hrv","Croatia"
"ht","hti","Haiti"
"hu","hun","Hungary"
"id","idn","Indonesia"
"ie","irl","Ireland"
"il","isr","Israel"
"im","imn","Isle of Man"
"in","ind","India"
"io","iot","British Indian Ocean Territory"
"iq","irq","Iraq"
"ir","irn","Iran (Islamic Republic)"
"is","isl","Iceland"
"it","ita","Italy"
"je","jey","Jersey"
"jm","jam","Jamaica"
"jo","jor","Jordan"
"jp","jpn","Japan"
"ke","ken","Kenya"
"kg","kgz","Kyrgyz Republic"
"kh","khm","Cambodia"
"ki","kir","Kiribati"
"km","com","Comoros"
"kn","kna","St. Kitts and Nevis"
"kp","prk","Korea, Dem. People's Rep."
"kr","kor","Korea, Rep."
"kw","kwt","Kuwait"
"ky","cym","Cayman Islands"
"kz","kaz","Kazakhstan"
"la","lao","Lao PDR"
"lb","lbn","Lebanon"
"lc","lca","St. Lucia"
"li","lie","Liechtenstein"
"lk","lka","Sri Lanka"
"lr","lbr","Liberia"
"ls","lso","Lesotho"
"lt","ltu","Lithuania"
"lu","lux","Luxembourg"
"lv","lva","Latvia"
"ly","lby","Libya"
"ma","mar","Morocco"
"mc","mco","Monaco"
"md","mda","Moldova"
"me","mne","Montenegro"
"mf","maf","St. Martin (French part)"
"mg","mdg","Madagascar"
"mh","mhl","Marshall Islands"
"mk","mkd","North Macedonia"
"ml","mli","Mali"
"mm","mmr","Myanmar"
"mn","mng","Mongolia"
"mo","mac","Macao"
"mp","mnp","Northern Mariana Islands"
"mq","mtq","Martinique"
"mr","mrt","Mauritania"
"ms","msr","Montserrat"
"mt","mlt","Malta"
"mu","mus","Mauritius"
"mv","mdv","Maldives"
"mw","mwi","Malawi"
"mx","mex","Mexico"
"my","mys","Malaysia"
"mz","moz","Mozambique"
"na","nam","Namibia"
"nc","ncl","New Caledonia"
"ne","ner","Niger"
"nf","nfk","Norfolk Island"
"ng","nga","Nigeria"
"ni","nic","Nicaragua"
"nl","nld","Netherlands"
"no","nor","Norway"
"np","npl","Nepal"
"nr","nru","Nauru"
"nu","niu","Niue"
"nz","nzl","New Zealand"
"om","omn","Oman"
"pa","pan","Panama"
"pe","per","Peru"
"pf","pyf","French Polynesia"
"pg","png","Papua New Guinea"
"ph","phl","Philippines"
"pk","pak","Pakistan"
"pl","pol","Poland"
"pm","spm","Saint Pierre and Miquelon"
"pn","pcn","Pitcairn Islands"
"pr","pri","Puerto Rico"
"ps","pse","West Bank and Gaza"
"pt","prt","Portugal"
"pw","plw","Palau"
"py","pry","Paraguay"
"qa","qat","Qatar"
"re","reu","Réunion"
"ro","rou","Romania"
"rs","srb","Serbia"
"ru","rus","Russian Federation"
"rw","rwa","Rwanda"
"sa","sau","Saudi Arabia"
"sb","slb","Solomon Islands"
"sc","syc","Seychelles"
"sd","sdn","Sudan"
"se","swe","Sweden"
"sg","sgp","Singapore"
"si","svn","Slovenia"
"sk","svk","Slovak Republic"
"sl","sle","Sierra Leone"
"sm","smr","San Marino"
"sn","sen","Senegal"
"so","som","Somalia"
"sr","sur","Suriname"
"ss","ssd","South Sudan"
"st","stp","Sao Tome and Principe"
"sv","slv","El Salvador"
"sx","sxm","Sint Maarten (Dutch part)"
"sy","syr","Syrian Arab Republic"
"sz","swz","Eswatini"
"tc","tca","Turks and Caicos Islands"
"td","tcd","Chad"
"tf","atf","French Southern Territories"
"tg","tgo","Togo"
"th","tha","Thailand"
"tj","tjk","Tajikistan"
"tk","tkl","Tokelau"
"tl","tls","Timor-Leste"
"tm","tkm","Turkmenistan"
"tn","tun","Tunisia"
"to","ton","Tonga"
"tr","tur","Turkiye"
"tt","tto","Trinidad and Tobago"
"tv","tuv","Tuvalu"
"tw","twn","Taiwan"
"tz","tza","Tanzania"
"ua","ukr","Ukraine"
"ug","uga","Uganda"
"us","usa","United States"
"uy","ury","Uruguay"
"uz","uzb","Uzbekistan"
"va","vat","Vatican City"
"vc","vct","St. Vincent and the Grenadines"
"ve","ven","Venezuela, RB"
"vg","vgb","British Virgin Islands"
"vi","vir","Virgin Islands (U.S.)"
"vn","vnm","Vietnam"
"vu","vut","Vanuatu"
"wf","wlf","Wallis and Futuna"
"ws","wsm","Samoa"
"ye","yem","Yemen"
"yt","myt","Mayotte"
"za","zaf","South Africa"
"zm","zmb","Zambia"
"zw","zwe","Zimbabwe"
"krd","krd","Kurdistan"
